original,timestamp
"http://ic.i.tsatic-cdn.net/1551/100_65/e35b3_1551388.jpg","20120818013603"
"http://ic.i.tsatic-cdn.net/1551/107_81/5688e_1551520.jpg","20121022195111"
"http://ic.i.tsatic-cdn.net/1551/107_81/809fc_1551098.jpg","20121011154714"
"http://ic.i.tsatic-cdn.net/1551/120_120/01cbd_1551080.jpg","20121012080607"
"http://ic.i.tsatic-cdn.net/1551/120_120/0c425_1551540.jpg","20121023035054"
"http://ic.i.tsatic-cdn.net/1551/120_120/10612_1551076.jpg","20121012081141"
"http://ic.i.tsatic-cdn.net/1551/120_120/1098e_1551110.jpg","20121023084203"
"http://ic.i.tsatic-cdn.net/1551/120_120/10bae_1551868.jpg","20121103185507"
"http://ic.i.tsatic-cdn.net/1551/120_120/148c1_1551865.jpg","20121103192805"
"http://ic.i.tsatic-cdn.net/1551/120_120/180e0_1551635.jpg","20121102184647"
"http://ic.i.tsatic-cdn.net/1551/120_120/1d140_1551869.jpg","20121103192703"
"http://ic.i.tsatic-cdn.net/1551/120_120/1e50d_1551310.jpg","20140914192109"
"http://ic.i.tsatic-cdn.net/1551/120_120/292ae_1551081.jpg","20121012080457"
"http://ic.i.tsatic-cdn.net/1551/120_120/29756_1551073.jpg","20121012081010"
"http://ic.i.tsatic-cdn.net/1551/120_120/340df_1551630.jpg","20121102184755"
"http://ic.i.tsatic-cdn.net/1551/120_120/347d9_1551114.jpg","20121023093546"
"http://ic.i.tsatic-cdn.net/1551/120_120/38046_1551872.jpg","20121103185245"
"http://ic.i.tsatic-cdn.net/1551/120_120/3f1b1_1551857.jpg","20121103185844"
"http://ic.i.tsatic-cdn.net/1551/120_120/470b9_1551083.jpg","20121012080835"
"http://ic.i.tsatic-cdn.net/1551/120_120/4b298_1551870.jpg","20121103185850"
"http://ic.i.tsatic-cdn.net/1551/120_120/511ec_1551632.jpg","20121102184652"
"http://ic.i.tsatic-cdn.net/1551/120_120/51207_1551629.jpg","20121102184749"
"http://ic.i.tsatic-cdn.net/1551/120_120/516b0_1551859.jpg","20121103185547"
"http://ic.i.tsatic-cdn.net/1551/120_120/52b84_1551631.jpg","20121102184603"
"http://ic.i.tsatic-cdn.net/1551/120_120/5c053_1551118.jpg","20121023093409"
"http://ic.i.tsatic-cdn.net/1551/120_120/5c64d_1551113.jpg","20121023093526"
"http://ic.i.tsatic-cdn.net/1551/120_120/61016_1551121.jpg","20121023084135"
"http://ic.i.tsatic-cdn.net/1551/120_120/6361b_1551862.jpg","20121103185811"
"http://ic.i.tsatic-cdn.net/1551/120_120/63ade_1551858.jpg","20121103185735"
"http://ic.i.tsatic-cdn.net/1551/120_120/642c4_1551109.jpg","20121023084229"
"http://ic.i.tsatic-cdn.net/1551/120_120/645f3_1551122.jpg","20121023093115"
"http://ic.i.tsatic-cdn.net/1551/120_120/65f65_1551640.jpg","20121102184657"
"http://ic.i.tsatic-cdn.net/1551/120_120/684a8_1551108.jpg","20121023084308"
"http://ic.i.tsatic-cdn.net/1551/120_120/69428_1551072.jpg","20121012080440"
"http://ic.i.tsatic-cdn.net/1551/120_120/6b344_1551379.jpg","20140914192112"
"http://ic.i.tsatic-cdn.net/1551/120_120/763c3_1551633.jpg","20121102184802"
"http://ic.i.tsatic-cdn.net/1551/120_120/76e9c_1551634.jpg","20121102184624"
"http://ic.i.tsatic-cdn.net/1551/120_120/797e9_1551082.jpg","20121012080520"
"http://ic.i.tsatic-cdn.net/1551/120_120/7d9b7_1551103.jpg","20121022203844"
"http://ic.i.tsatic-cdn.net/1551/120_120/7eec2_1551867.jpg","20121103185307"
"http://ic.i.tsatic-cdn.net/1551/120_120/83b40_1551077.jpg","20121012080533"
"http://ic.i.tsatic-cdn.net/1551/120_120/842e5_1551860.jpg","20121103185743"
"http://ic.i.tsatic-cdn.net/1551/120_120/8a901_1551075.jpg","20121012115947"
"http://ic.i.tsatic-cdn.net/1551/120_120/8e59e_1551071.jpg","20121012080727"
"http://ic.i.tsatic-cdn.net/1551/120_120/9200e_1551111.jpg","20121023093815"
"http://ic.i.tsatic-cdn.net/1551/120_120/97ad0_1551074.jpg","20121012080959"
"http://ic.i.tsatic-cdn.net/1551/120_120/9a7b6_1551078.jpg","20121012080323"
"http://ic.i.tsatic-cdn.net/1551/120_120/a020a_1551639.jpg","20121102184923"
"http://ic.i.tsatic-cdn.net/1551/120_120/aaca6_1551626.jpg","20121102184809"
"http://ic.i.tsatic-cdn.net/1551/120_120/ab5ae_1551120.jpg","20121023084141"
"http://ic.i.tsatic-cdn.net/1551/120_120/ad842_1551116.jpg","20121023093609"
"http://ic.i.tsatic-cdn.net/1551/120_120/b99b7_1551637.jpg","20121102184902"
"http://ic.i.tsatic-cdn.net/1551/120_120/bbcde_1551119.jpg","20121023093644"
"http://ic.i.tsatic-cdn.net/1551/120_120/cd3f2_1551117.jpg","20121023093634"
"http://ic.i.tsatic-cdn.net/1551/120_120/cdc49_1551864.jpg","20121103192819"
"http://ic.i.tsatic-cdn.net/1551/120_120/ced99_1551641.jpg","20121102184742"
"http://ic.i.tsatic-cdn.net/1551/120_120/d2f79_1551625.jpg","20121102184722"
"http://ic.i.tsatic-cdn.net/1551/120_120/d55e0_1551070.jpg","20121012080313"
"http://ic.i.tsatic-cdn.net/1551/120_120/d6330_1551638.jpg","20121102190201"
"http://ic.i.tsatic-cdn.net/1551/120_120/d88aa_1551866.jpg","20121103192841"
"http://ic.i.tsatic-cdn.net/1551/120_120/dafef_1551627.jpg","20121102184906"
"http://ic.i.tsatic-cdn.net/1551/120_120/df377_1551069.jpg","20121012081115"
"http://ic.i.tsatic-cdn.net/1551/120_120/e2489_1551079.jpg","20121012081202"
"http://ic.i.tsatic-cdn.net/1551/120_120/e565d_1551871.jpg","20121103185805"
"http://ic.i.tsatic-cdn.net/1551/120_120/e610c_1551863.jpg","20121103185724"
"http://ic.i.tsatic-cdn.net/1551/120_120/e6d47_1551861.jpg","20121103185800"
"http://ic.i.tsatic-cdn.net/1551/120_120/e9d89_1551112.jpg","20121023084248"
"http://ic.i.tsatic-cdn.net/1551/120_120/ed258_1551636.jpg","20121102184856"
"http://ic.i.tsatic-cdn.net/1551/120_120/f0f6f_1551115.jpg","20121023093213"
"http://ic.i.tsatic-cdn.net/1551/120_120/f905a_1551123.jpg","20121023084152"
"http://ic.i.tsatic-cdn.net/1551/135_135/111eb_1551432.jpg","20120803230721"
"http://ic.i.tsatic-cdn.net/1551/135_135/215e6_1551540.jpg","20120721080317"
"http://ic.i.tsatic-cdn.net/1551/135_135/eada3_1551103.jpg","20120721080252"
"http://ic.i.tsatic-cdn.net/1551/150_150/847e4_1551558.jpg","20150205065607"
"http://ic.i.tsatic-cdn.net/1551/150_150/a7143_1551608.jpg","20141219133742"
"http://ic.i.tsatic-cdn.net/1551/150_150/f09f1_1551813.jpg","20131013180700"
"http://ic.i.tsatic-cdn.net/1551/200_244/e591c_1551356.jpg","20120721080307"
"http://ic.i.tsatic-cdn.net/1551/204_155/024ce_1551395.jpg","20121022133140"
"http://ic.i.tsatic-cdn.net/1551/204_155/33155_1551348.jpg","20121021210506"
"http://ic.i.tsatic-cdn.net/1551/204_155/4a4b8_1551611.jpg","20121010040427"
"http://ic.i.tsatic-cdn.net/1551/204_155/4f163_1551422.jpg","20121022183627"
"http://ic.i.tsatic-cdn.net/1551/204_155/7d232_1551564.jpg","20121022203804"
"http://ic.i.tsatic-cdn.net/1551/204_155/7d4a3_1551486.jpg","20121021210417"
"http://ic.i.tsatic-cdn.net/1551/204_155/925ef_1551600.jpg","20121001164732"
"http://ic.i.tsatic-cdn.net/1551/204_155/96b57_1551060.jpg","20121016215332"
"http://ic.i.tsatic-cdn.net/1551/204_155/9dfec_1551615.jpg","20121012033152"
"http://ic.i.tsatic-cdn.net/1551/204_155/a62b5_1551096.jpg","20121102184628"
"http://ic.i.tsatic-cdn.net/1551/204_155/a6c0d_1551544.jpg","20121022141338"
"http://ic.i.tsatic-cdn.net/1551/204_155/acc2d_1551347.jpg","20121022164703"
"http://ic.i.tsatic-cdn.net/1551/204_155/bba47_1551439.jpg","20121022094034"
"http://ic.i.tsatic-cdn.net/1551/204_155/bd41f_1551528.jpg","20121010095538"
"http://ic.i.tsatic-cdn.net/1551/204_155/c2655_1551540.jpg","20121023045622"
"http://ic.i.tsatic-cdn.net/1551/204_155/c8dc8_1551416.jpg","20121026072344"
"http://ic.i.tsatic-cdn.net/1551/204_155/d17f0_1551575.jpg","20121024173622"
"http://ic.i.tsatic-cdn.net/1551/204_155/e1bbb_1551088.jpg","20121023005528"
"http://ic.i.tsatic-cdn.net/1551/204_155/fb0f5_1551103.jpg","20121022203922"
"http://ic.i.tsatic-cdn.net/1551/204_155/fb64d_1551104.jpg","20121023015045"
"http://ic.i.tsatic-cdn.net/1551/204_204/9350f_1551103.jpg","20121021064239"
"http://ic.i.tsatic-cdn.net/1551/204_204/ccd45_1551540.jpg","20121021064045"
"http://ic.i.tsatic-cdn.net/1551/204_204/e26cc_1551432.jpg","20121021064050"
"http://ic.i.tsatic-cdn.net/1551/206_130/a5f52_1551574.jpg","20120825120331"
"http://ic.i.tsatic-cdn.net/1551/210_297/d9cbc_1551356.jpg","20121023080404"
"http://ic.i.tsatic-cdn.net/1551/250_250/b3f39_1551103.jpg","20121023023746"
"http://ic.i.tsatic-cdn.net/1551/250_250/cdfd7_1551432.jpg","20121023023447"
"http://ic.i.tsatic-cdn.net/1551/250_250/d31ed_1551540.jpg","20121023034905"
"http://ic.i.tsatic-cdn.net/1551/275_275/93f77_1551432.jpg","20120721080328"
"http://ic.i.tsatic-cdn.net/1551/300_170/98d13_1551388.jpg","20120721080342"
"http://ic.i.tsatic-cdn.net/1551/311_206/1480f_1551574.jpg","20121015153037"
"http://ic.i.tsatic-cdn.net/1551/311_206/3b968_1551098.jpg","20121017072458"
"http://ic.i.tsatic-cdn.net/1551/311_206/47d06_1551528.jpg","20121020042150"
"http://ic.i.tsatic-cdn.net/1551/311_206/655b9_1551348.jpg","20121025182515"
"http://ic.i.tsatic-cdn.net/1551/311_206/68eb8_1551075.jpg","20121104111016"
"http://ic.i.tsatic-cdn.net/1551/311_206/7c0c7_1551486.jpg","20120803230837"
"http://ic.i.tsatic-cdn.net/1551/311_206/8b820_1551611.jpg","20121102193005"
"http://ic.i.tsatic-cdn.net/1551/311_206/a1549_1551615.jpg","20120818014058"
"http://ic.i.tsatic-cdn.net/1551/311_206/ab9b9_1551600.jpg","20120721094251"
"http://ic.i.tsatic-cdn.net/1551/311_206/ad307_1551049.jpg","20121102142918"
"http://ic.i.tsatic-cdn.net/1551/311_206/c79f3_1551520.jpg","20120901040938"
"http://ic.i.tsatic-cdn.net/1551/311_206/d6e4b_1551347.jpg","20121104104731"
"http://ic.i.tsatic-cdn.net/1551/35_35/63247_1551396.jpg","20121023145346"
"http://ic.i.tsatic-cdn.net/1551/36_36/021ec_1551616.jpg","20120805175127"
"http://ic.i.tsatic-cdn.net/1551/36_36/a872c_1551618.jpg","20120721094006"
"http://ic.i.tsatic-cdn.net/1551/40_40/13ce5_1551589.jpg","20121102192302"
"http://ic.i.tsatic-cdn.net/1551/40_40/25a63_1551924.jpg","20120912171410"
"http://ic.i.tsatic-cdn.net/1551/40_40/55b8f_1551740.jpg","20121025082156"
"http://ic.i.tsatic-cdn.net/1551/40_40/8b91a_1551558.jpg","20121015012622"
"http://ic.i.tsatic-cdn.net/1551/40_40/8f1fa_1551500.jpg","20121024224206"
"http://ic.i.tsatic-cdn.net/1551/40_40/9b5b8_1551370.jpg","20120901221929"
"http://ic.i.tsatic-cdn.net/1551/40_40/a5ee8_1551608.jpg","20121021091037"
"http://ic.i.tsatic-cdn.net/1551/40_40/e9329_1551529.jpg","20120721080401"
"http://ic.i.tsatic-cdn.net/1551/40_40/f7e3d_1551743.jpg","20121024193442"
"http://ic.i.tsatic-cdn.net/1551/45_45/a1a41_1551403.jpg","20121025094821"
"http://ic.i.tsatic-cdn.net/1551/45_45/c16b0_1551543.jpg","20121025233702"
"http://ic.i.tsatic-cdn.net/1551/45_45/fd015_1551005.jpg","20140908131955"
"http://ic.i.tsatic-cdn.net/1551/48_48/3543c_1551591.jpg","20120819113454"
"http://ic.i.tsatic-cdn.net/1551/48_48/7210a_1551095.jpg","20121103060611"
"http://ic.i.tsatic-cdn.net/1551/48_48/961d5_1551558.jpg","20121104021331"
"http://ic.i.tsatic-cdn.net/1551/48_48/a4c83_1551500.jpg","20121026063049"
"http://ic.i.tsatic-cdn.net/1551/48_48/b12cb_1551745.jpg","20121103175809"
"http://ic.i.tsatic-cdn.net/1551/50_50/1087b_1551558.jpg","20121103003117"
"http://ic.i.tsatic-cdn.net/1551/50_50/2e5a0_1551608.jpg","20121022080431"
"http://ic.i.tsatic-cdn.net/1551/60_60/14693_1551616.jpg","20120728121910"
"http://ic.i.tsatic-cdn.net/1551/635_340/19861_1551335.jpg","20121021075955"
"http://ic.i.tsatic-cdn.net/1551/635_340/3d279_1551600.jpg","20121021174308"
"http://ic.i.tsatic-cdn.net/1551/635_340/40a9a_1551348.jpg","20121021080127"
"http://ic.i.tsatic-cdn.net/1551/635_340/4f8ae_1551334.jpg","20121021080354"
"http://ic.i.tsatic-cdn.net/1551/635_340/58d08_1551486.jpg","20121022080524"
"http://ic.i.tsatic-cdn.net/1551/635_340/61738_1551574.jpg","20131217040208"
"http://ic.i.tsatic-cdn.net/1551/635_340/95e91_1551337.jpg","20121021080337"
"http://ic.i.tsatic-cdn.net/1551/635_340/99406_1551388.jpg","20121023065907"
"http://ic.i.tsatic-cdn.net/1551/635_340/b26f0_1551001.jpg","20121023160300"
"http://ic.i.tsatic-cdn.net/1551/635_340/b5b25_1551528.jpg","20121102220225"
"http://ic.i.tsatic-cdn.net/1551/635_340/cb302_1551487.jpg","20121022080536"
"http://ic.i.tsatic-cdn.net/1551/635_340/ebe07_1551336.jpg","20121021080307"
"http://ic.i.tsatic-cdn.net/1551/635_420/5057a_1551605.jpg","20121021174258"
"http://ic.i.tsatic-cdn.net/1551/65_65/287d0_1551378.jpg","20130311212523"
"http://ic.i.tsatic-cdn.net/1551/65_65/ae5e6_1551558.jpg","20121025152934"
"http://ic.i.tsatic-cdn.net/1551/66_43/db2a9_1551486.jpg","20151011174625"
"http://ic.i.tsatic-cdn.net/1551/75_75/0cc49_1551720.jpg","20121021164600"
"http://ic.i.tsatic-cdn.net/1551/75_75/35188_1551558.jpg","20120721094117"
"http://ic.i.tsatic-cdn.net/1551/75_75/5045c_1551739.jpg","20121024005624"
"http://ic.i.tsatic-cdn.net/1551/75_75/5d996_1551813.jpg","20120918153249"
"http://ic.i.tsatic-cdn.net/1551/75_75/61f3b_1551580.jpg","20121021140523"
"http://ic.i.tsatic-cdn.net/1551/75_75/6a888_1551924.jpg","20120926115242"
"http://ic.i.tsatic-cdn.net/1551/75_75/861cc_1551566.jpg","20121024134006"
"http://ic.i.tsatic-cdn.net/1551/75_75/9c537_1551405.jpg","20121022081119"
"http://ic.i.tsatic-cdn.net/1551/75_75/a1d4f_1551360.jpg","20121021164540"
"http://ic.i.tsatic-cdn.net/1551/75_75/d7159_1551362.jpg","20121024005213"
"http://ic.i.tsatic-cdn.net/1551/75_75/e4ca1_1551374.jpg","20121024143019"
"http://ic.i.tsatic-cdn.net/1551/75_75/e8058_1551370.jpg","20121021135846"
"http://ic.i.tsatic-cdn.net/1551/75_75/f9b4d_1551608.jpg","20121103083120"
